arbeitnow-influencer-marketing-manager-munster-153859,"Influencer Marketing Manager","paselo GmbH",Arbeitnow,"Münster","Competitive",Full-time,2026-04-28T20:30:31.000Z,https://www.arbeitnow.com/jobs/companies/paselo-gmbh/influencer-marketing-manager-munster-153859
arbeitnow-social-media-marketing-managerin-in-teilzeit-und-hybrid-in-homeoffice-jakobsdorf-412014,"Social Media Marketing Manager*in in Teilzeit und Hybrid in Homeoffice","Tom Phillip Zenker Digital Marketing Agentur GmbH",Arbeitnow,"Jakobsdorf","Competitive",Full-time,2026-04-28T20:00:34.000Z,https://www.arbeitnow.com/jobs/companies/tom-phillip-zenker-digital-marketing-agentur-gmbh/social-media-marketing-managerin-in-teilzeit-und-hybrid-in-homeoffice-jakobsdorf-412014
arbeitnow-content-creator-community-builder-langweid-am-lech-375605,"Content Creator/ Community Builder (m/w/d)","Picmondoo GmbH",Arbeitnow,"Langweid am Lech","Competitive",Full-time,2026-04-28T19:00:28.000Z,https://www.arbeitnow.com/jobs/companies/picmondoo-gmbh/content-creator-community-builder-langweid-am-lech-375605
arbeitnow-performance-marketing-managerin-seo-sea-social-jakobsdorf-41274,"Performance Marketing Manager*in (SEO, SEA & Social)","Tom Phillip Zenker Digital Marketing Agentur GmbH",Arbeitnow,"Jakobsdorf","Competitive",Full-time,2026-04-28T17:30:34.000Z,https://www.arbeitnow.com/jobs/companies/tom-phillip-zenker-digital-marketing-agentur-gmbh/performance-marketing-managerin-seo-sea-social-jakobsdorf-41274
arbeitnow-machine-learning-engineer-berlin-303955,"Machine Learning Engineer","Phantasma Labs",Arbeitnow,"Berlin","Competitive",Full-time,2026-04-28T16:00:29.000Z,https://www.arbeitnow.com/jobs/companies/phantasma-labs/machine-learning-engineer-berlin-303955
arbeitnow-devops-engineer-in-voll-oder-teilzeit-stuttgart-461146,"DevOps Engineer (m/w/d) in Voll- oder Teilzeit","iconCXM GmbH",Arbeitnow,"Stuttgart","Competitive",Full-time,2026-04-28T15:30:29.000Z,https://www.arbeitnow.com/jobs/companies/iconcxm-gmbh/devops-engineer-in-voll-oder-teilzeit-stuttgart-461146
arbeitnow-performance-marketing-manager-marketplaces-vollzeit-100-homeoffice-grafschaft-379703,"Performance Marketing Manager Marketplaces (m/w/d) - Vollzeit, 100 % Homeoffice","Nutrition-Plus Germany e.K.",Arbeitnow,"Grafschaft","Competitive",Full-time,2026-04-28T14:30:51.000Z,https://www.arbeitnow.com/jobs/companies/nutrition-plus-germany-ek/performance-marketing-manager-marketplaces-vollzeit-100-homeoffice-grafschaft-379703
arbeitnow-senior-performance-marketing-manager-paid-social-all-genders-berlin-295240,"(Senior) Performance Marketing Manager - Paid Social (all genders)","mammaly",Arbeitnow,"Berlin","Competitive",Full-time,2026-04-28T13:30:43.000Z,https://www.arbeitnow.com/jobs/companies/mammaly/senior-performance-marketing-manager-paid-social-all-genders-berlin-295240
arbeitnow-newsroom-editor-media-analyst-in-teilzeit-50-berlin-oder-remote-160278,"Newsroom Editor / Media Analyst (w/m/d) in Teilzeit (50%) - Berlin oder remote","cognita Deutschland GmbH",Arbeitnow,"Berlin","Competitive",Full-time,2026-04-28T11:00:30.000Z,https://www.arbeitnow.com/jobs/companies/cognita-deutschland-gmbh/newsroom-editor-media-analyst-in-teilzeit-50-berlin-oder-remote-160278
arbeitnow-senior-it-manager-id134-volunteer-unpaid-munich-298186,"Senior IT Manager (m/w/d) (ID134) - volunteer, unpaid","EUSMS gGmbH",Arbeitnow,"Munich","Competitive",Freelance,2026-04-28T10:31:01.000Z,https://www.arbeitnow.com/jobs/companies/eusms-ggmbh/senior-it-manager-id134-volunteer-unpaid-munich-298186
remotive-2089995,"Head of Engineering","Lemon.io",Remotive,"USA timezones, European timezones","Competitive",Full-time,2026-04-24T14:40:54,https://remotive.com/remote-jobs/software-development/head-of-engineering-2089995
remotive-2089994,"Mid/Senior AI Video Artist","EverAI",Remotive,"Worldwide","-",Full-time,2026-04-24T08:15:19,https://remotive.com/remote-jobs/marketing/mid-senior-ai-video-artist-2089994
remotive-2089990,"Content Reviewer - US","TELUS Digital",Remotive,"USA","$14/hour",Part-time,2026-04-21T12:46:23,https://remotive.com/remote-jobs/all-others/content-reviewer-us-2089990
remotive-2089958,"AI Engineer","Dry Ground AI",Remotive,"Brazil, Colombia, Philippines","$40- $60k",Full-time,2026-04-21T08:16:20,https://remotive.com/remote-jobs/artificial-intelligence/ai-engineer-2089958
remotive-2088656,"Customer Retention Manager","AutoHDR",Remotive,"USA","Competitive",Full-time,2026-04-16T21:16:09,https://remotive.com/remote-jobs/customer-service/customer-retention-manager-2088656
remotive-2088655,"Customer Support Representative","AutoHDR",Remotive,"USA","Competitive",Full-time,2026-04-16T21:00:55,https://remotive.com/remote-jobs/customer-service/customer-support-representative-2088655
remotive-1919266,"Senior Independent AI Engineer / Architect","A.Team",Remotive,"Americas, Europe, Israel","$120 - $170 /hour",Project-based,2026-04-16T10:16:01,https://remotive.com/remote-jobs/software-development/senior-independent-ai-engineer-architect-1919266
remotive-1919265,"Senior Independent Software Developer","A.Team",Remotive,"Americas, Europe, Israel","$90 - $150 /hour",Project-based,2026-04-16T10:15:53,https://remotive.com/remote-jobs/software-development/senior-independent-software-developer-1919265
remotive-2088711,"Senior Full-stack React Developer","Lemon.io",Remotive,"Americas, Europe, Asia, Oceania","Competitive",Project-based,2026-04-15T14:19:37,https://remotive.com/remote-jobs/software-development/senior-full-stack-react-developer-2088711
arbeitnow-auszubildender-it-systemkaufmann-weilheim-496006,"Auszubildender IT-Systemkaufmann (m/w/d)","Qfact GmbH",Arbeitnow,"Weilheim","Competitive",Full-time,2026-04-29T00:30:32.000Z,https://www.arbeitnow.com/jobs/companies/qfact-gmbh/auszubildender-it-systemkaufmann-weilheim-496006
arbeitnow-application-operator-devops-engineer-linux-kubernetes-dusseldorf-148452,"Application Operator / DevOps Engineer – Linux & Kubernetes (m/w/d)","Hochschul-IT-Services.nrw",Arbeitnow,"Düsseldorf","Competitive",Full-time,2026-04-29T00:30:32.000Z,https://www.arbeitnow.com/jobs/companies/hochschul-it-servicesnrw/application-operator-devops-engineer-linux-kubernetes-dusseldorf-148452
arbeitnow-it-application-manager-campusmanagement-dusseldorf-324362,"IT Application Manager – Campusmanagement (m/w/d)","Hochschul-IT-Services.nrw",Arbeitnow,"Düsseldorf","Competitive",Full-time,2026-04-29T00:30:31.000Z,https://www.arbeitnow.com/jobs/companies/hochschul-it-servicesnrw/it-application-manager-campusmanagement-dusseldorf-324362
arbeitnow-mitarbeiter-im-kundenservice-vertragsmanagement-dresden-235744,"Mitarbeiter (m/w/d) im Kundenservice - Vertragsmanagement","Deutsches Rotes Kreuz Hausruf und Service in Sachsen GmbH",Arbeitnow,"Dresden","Competitive",Full-time,2026-04-29T00:30:31.000Z,https://www.arbeitnow.com/jobs/companies/deutsches-rotes-kreuz-hausruf-und-service-in-sachsen-gmbh/mitarbeiter-im-kundenservice-vertragsmanagement-dresden-235744
arbeitnow-head-of-power-operations-berlin-3326,"Head of Power Operations","Terra One Climate Solutions GmbH",Arbeitnow,"Berlin","Competitive",Full-time,2026-04-29T00:30:31.000Z,https://www.arbeitnow.com/jobs/companies/terra-one-climate-solutions-gmbh/head-of-power-operations-berlin-3326
arbeitnow-kaufmannischer-mitarbeiter-fur-die-buchhaltung-deggendorf-103326,"Kaufmännischer Mitarbeiter für die  Buchhaltung (m/w/d)","Nerlich & Lesser KG",Arbeitnow,"Deggendorf","Competitive",Full-time,2026-04-29T00:30:31.000Z,https://www.arbeitnow.com/jobs/companies/nerlich-lesser-kg/kaufmannischer-mitarbeiter-fur-die-buchhaltung-deggendorf-103326
arbeitnow-teamleiter-servicecenter-munich-410439,"Teamleiter Servicecenter (m/w/d)","Liebwein Personalmanagement und -service GmbH",Arbeitnow,"Munich","Competitive",Full-time,2026-04-28T23:00:30.000Z,https://www.arbeitnow.com/jobs/companies/liebwein-personalmanagement-und-service-gmbh/teamleiter-servicecenter-munich-410439
arbeitnow-junior-fullstack-developer-berlin-9369,"Junior/Mid-Level Fullstack Developer (m/w/d)","dsb Deutsche Sanierungsberatung GmbH",Arbeitnow,"Berlin","Competitive",Full-time,2026-04-28T22:59:04.000Z,https://www.arbeitnow.com/jobs/companies/dsb-deutsche-sanierungsberatung-gmbh/junior-fullstack-developer-berlin-9369
arbeitnow-creative-director-creative-lead-ai-first-hands-on-berlin-159619,"Creative Director / Creative Lead (AI-first, hands-on)","XOUXOU GmbH",Arbeitnow,"Berlin","Competitive",Full-time,2026-04-28T21:59:03.000Z,https://www.arbeitnow.com/jobs/companies/xouxou-gmbh/creative-director-creative-lead-ai-first-hands-on-berlin-159619
arbeitnow-senior-full-stack-engineer-berlin-267752,"Senior Full Stack Engineer (m/f/d)","Flix",Arbeitnow,"Berlin, Berlin, Germany","Competitive",Full-time,2026-04-28T20:45:23.000Z,https://www.arbeitnow.com/jobs/companies/flix/senior-full-stack-engineer-berlin-267752
arbeitnow-outbound-key-account-executive-switzerland-berlin-440830,"Outbound Key Account Executive (Switzerland)","SumUp",Arbeitnow,"Berlin, Germany","Competitive",Full-time,2026-04-28T20:45:23.000Z,https://www.arbeitnow.com/jobs/companies/sumup/outbound-key-account-executive-switzerland-berlin-440830
arbeitnow-outbound-key-account-executive-switzerland-berlin-229830,"Outbound Key Account Executive (Switzerland)","SumUp",Arbeitnow,"Berlin, Germany","Competitive",Full-time,2026-04-28T20:45:23.000Z,https://www.arbeitnow.com/jobs/companies/sumup/outbound-key-account-executive-switzerland-berlin-229830
arbeitnow-senior-frontend-engineer-identity-berlin-117673,"Senior Frontend Engineer - Identity","SumUp",Arbeitnow,"Berlin, Berlin, Germany","Competitive",Full-time,2026-04-28T20:45:22.000Z,https://www.arbeitnow.com/jobs/companies/sumup/senior-frontend-engineer-identity-berlin-117673
arbeitnow-mitarbeiter-kundenservice-first-level-support-lubeck-148091,"Mitarbeiter Kundenservice / First-Level-Support (m/w/d)","riscLOG Solution GmbH",Arbeitnow,"Lübeck","Competitive",Full-time,2026-04-28T20:00:35.000Z,https://www.arbeitnow.com/jobs/companies/risclog-solution-gmbh/mitarbeiter-kundenservice-first-level-support-lubeck-148091
arbeitnow-erfahrener-customer-solution-consultant-managerin-fur-software-beratung-und-entwicklung-cologne-492738,"Erfahrener Customer Solution Consultant / Manager*in für Software-Beratung und Entwicklung (m/w/d)","Coduct Solutions GmbH",Arbeitnow,"Cologne","Competitive",Full-time,2026-04-28T19:59:03.000Z,https://www.arbeitnow.com/jobs/companies/coduct-solutions-gmbh/erfahrener-customer-solution-consultant-managerin-fur-software-beratung-und-entwicklung-cologne-492738
arbeitnow-erfahrener-customer-solution-consultant-managerin-fur-software-beratung-und-entwicklung-berlin-273949,"Erfahrener Customer Solution Consultant / Manager*in für Software-Beratung und Entwicklung (m/w/d)","Coduct Solutions GmbH",Arbeitnow,"Berlin","Competitive",Full-time,2026-04-28T19:59:03.000Z,https://www.arbeitnow.com/jobs/companies/coduct-solutions-gmbh/erfahrener-customer-solution-consultant-managerin-fur-software-beratung-und-entwicklung-berlin-273949
arbeitnow-data-center-engineer-frankfurt-onsite-395222,"Data Center Engineer - Frankfurt (Onsite)","RM Staffing B.V.",Arbeitnow,"Frankfurt","Competitive",Full-time,2026-04-28T19:20:12.000Z,https://www.arbeitnow.com/jobs/companies/rm-staffing-bv/data-center-engineer-frankfurt-onsite-395222
arbeitnow-technical-co-founder-cto-dusseldorf-458043,"Technical Co-Founder / CTO (m/w/d)","Nationales Herz-Netz (NHN) / Deutsche Gesellschaft für Kardiologie e. V.",Arbeitnow,"Düsseldorf","Competitive",Full-time,2026-04-28T18:30:33.000Z,https://www.arbeitnow.com/jobs/companies/nationales-herz-netz-nhn-deutsche-gesellschaft-fur-kardiologie-e-v/technical-co-founder-cto-dusseldorf-458043
arbeitnow-executive-co-founder-ceo-dusseldorf-294249,"Executive Co-Founder / CEO (m/w/d)","Nationales Herz-Netz (NHN) / Deutsche Gesellschaft für Kardiologie e. V.",Arbeitnow,"Düsseldorf","Competitive",Full-time,2026-04-28T18:30:32.000Z,https://www.arbeitnow.com/jobs/companies/nationales-herz-netz-nhn-deutsche-gesellschaft-fur-kardiologie-e-v/executive-co-founder-ceo-dusseldorf-294249
arbeitnow-performance-marketing-manager-paid-social-all-genders-cologne-78259,"Performance Marketing Manager (Paid Social) - all genders","ADBAKER",Arbeitnow,"Cologne","Competitive",Full-time,2026-04-28T18:00:32.000Z,https://www.arbeitnow.com/jobs/companies/adbaker/performance-marketing-manager-paid-social-all-genders-cologne-78259
arbeitnow-pricing-yield-manager-berlin-375057,"Pricing & Yield Manager (f/m/d)","Nox Mobility",Arbeitnow,"Berlin","Competitive",Full-time,2026-04-28T18:00:31.000Z,https://www.arbeitnow.com/jobs/companies/nox-mobility/pricing-yield-manager-berlin-375057
arbeitnow-junior-2d-designer-mit-lust-auf-motion-live-berlin-412651,"Junior 2D Designer (m/w/d) – mit Lust auf Motion & Live","CBE DIGIDEN AG",Arbeitnow,"Berlin","Competitive",Full-time,2026-04-28T17:30:34.000Z,https://www.arbeitnow.com/jobs/companies/cbe-digiden-ag/junior-2d-designer-mit-lust-auf-motion-live-berlin-412651
arbeitnow-inhouse-head-of-software-development-hybrid-remote-grossraum-stuttgart-420483,"Inhouse Head of Software Development - Hybrid Remote Großraum Stuttgart (m/w/d)","DWWA Personalberatung GmbH",Arbeitnow,"Stuttgart","Competitive",Full-time,2026-04-28T17:29:02.000Z,https://www.arbeitnow.com/jobs/companies/dwwa-personalberatung-gmbh/inhouse-head-of-software-development-hybrid-remote-grossraum-stuttgart-420483
arbeitnow-social-media-community-outreach-manager-berlin-313120,"Social Media & Community Outreach Manager","User Rights GmbH",Arbeitnow,"Berlin","Competitive",Full-time,2026-04-28T16:30:33.000Z,https://www.arbeitnow.com/jobs/companies/user-rights-gmbh/social-media-community-outreach-manager-berlin-313120
arbeitnow-finanzbuchhalter-passau-448523,"Finanzbuchhalter (m/w/d)","Jobbusters® GmbH",Arbeitnow,"Passau","Competitive",Full-time,2026-04-28T16:23:39.000Z,https://www.arbeitnow.com/jobs/companies/jobbusters-gmbh/finanzbuchhalter-passau-448523
arbeitnow-finanzbuchhalter-passau-65894,"Finanzbuchhalter (m/w/d)","PRIME HR Agentur®",Arbeitnow,"Passau","Competitive",Full-time,2026-04-28T16:00:30.000Z,https://www.arbeitnow.com/jobs/companies/prime-hr-agentur/finanzbuchhalter-passau-65894
arbeitnow-junior-consultant-digitalisierung-im-hr-personal-traunreut-136161,"Junior Consultant (m/w/d) Digitalisierung im HR / Personal","9toThrive GmbH",Arbeitnow,"Traunreut","Competitive",Full-time,2026-04-28T16:00:30.000Z,https://www.arbeitnow.com/jobs/companies/9tothrive-gmbh/junior-consultant-digitalisierung-im-hr-personal-traunreut-136161
arbeitnow-technischer-immobilienmanager-wohnimmobilien-auf-eigentumerseite-bis-ca-80000-eur-jahresgehalt-und-dienstwagen-leipzig-106633,"Technischer Immobilienmanager (m/w/d) Wohnimmobilien auf Eigentümerseite | bis ca. 80.000 € Jahresgehalt und Dienstwagen","QTalents - Real Estate Recruiting",Arbeitnow,"Leipzig","Competitive",Full-time,2026-04-28T16:00:29.000Z,https://www.arbeitnow.com/jobs/companies/qtalents-real-estate-recruiting/technischer-immobilienmanager-wohnimmobilien-auf-eigentumerseite-bis-ca-80000-eur-jahresgehalt-und-dienstwagen-leipzig-106633
arbeitnow-2nd-level-applications-supporter-iam-frankfurt-am-main-278731,"2nd Level Applications Supporter IAM (m/w/d)","evoila Frankfurt GmbH  ehem. COPiTOS GmbH part of evoila",Arbeitnow,"Frankfurt am Main","Competitive",Full-time,2026-04-28T16:00:29.000Z,https://www.arbeitnow.com/jobs/companies/evoila-frankfurt-gmbh-ehem-copitos-gmbh-part-of-evoila/2nd-level-applications-supporter-iam-frankfurt-am-main-278731
arbeitnow-data-analyst-data-engineer-berlin-391419,"Data Analyst / Data Engineer","Rahantech GmbH",Arbeitnow,"Berlin","Competitive",Full-time,2026-04-28T15:30:29.000Z,https://www.arbeitnow.com/jobs/companies/rahantech-gmbh/data-analyst-data-engineer-berlin-391419
arbeitnow-head-of-growth-performance-marketing-frankfurt-am-main-194797,"Head of Growth & Performance Marketing (m/w/d)","movme GmbH",Arbeitnow,"Frankfurt am Main","Competitive",Full-time,2026-04-28T15:30:29.000Z,https://www.arbeitnow.com/jobs/companies/movme-gmbh/head-of-growth-performance-marketing-frankfurt-am-main-194797
arbeitnow-marketing-manager-digital-healthcare-munich-446356,"Marketing Manager - Digital Healthcare (m/w/d)","ONCARE GmbH",Arbeitnow,"Munich","Competitive",Full-time,2026-04-28T15:30:29.000Z,https://www.arbeitnow.com/jobs/companies/oncare-gmbh/marketing-manager-digital-healthcare-munich-446356
arbeitnow-operations-manager-berlin-9486,"Operations Manager (m/w/d)","Enter by baupal GmbH",Arbeitnow,"Berlin","Competitive",Full-time,2026-04-28T15:30:26.000Z,https://www.arbeitnow.com/jobs/companies/enter-by-baupal-gmbh/operations-manager-berlin-9486
arbeitnow-automation-ai-operations-spezialist-fullremote-moglich-berlin-238007,"Automation & AI Operations Spezialist (Fullremote Möglich)","Deutsche Pflegegemeinschaft Sankt Josef GmbH (Berlin)",Arbeitnow,"Berlin","Competitive",Full-time,2026-04-28T15:00:33.000Z,https://www.arbeitnow.com/jobs/companies/deutsche-pflegegemeinschaft-sankt-josef-gmbh-berlin/automation-ai-operations-spezialist-fullremote-moglich-berlin-238007
arbeitnow-software-entwickler-karlsruhe-28793,"Software Entwickler (m/w/d)","Knowtion GmbH",Arbeitnow,"Karlsruhe","Competitive",Full-time,2026-04-28T15:00:33.000Z,https://www.arbeitnow.com/jobs/companies/knowtion-gmbh/software-entwickler-karlsruhe-28793
arbeitnow-werkstudent-software-entwicklung-fur-komplexe-systeme-karlsruhe-7281,"Werkstudent Software Entwicklung für komplexe Systeme (m/w/d)","Knowtion GmbH",Arbeitnow,"Karlsruhe","Competitive",Full-time,2026-04-28T15:00:32.000Z,https://www.arbeitnow.com/jobs/companies/knowtion-gmbh/werkstudent-software-entwicklung-fur-komplexe-systeme-karlsruhe-7281
arbeitnow-finanzbuchhalter-nuremberg-87433,"Finanzbuchhalter (m/w/d)","Jobbusters® GmbH",Arbeitnow,"Nuremberg","Competitive",Full-time,2026-04-28T15:00:32.000Z,https://www.arbeitnow.com/jobs/companies/jobbusters-gmbh/finanzbuchhalter-nuremberg-87433
arbeitnow-finanzbuchhalter-nuremberg-221033,"Finanzbuchhalter (m/w/d)","Jobbusters® GmbH",Arbeitnow,"Nuremberg","Competitive",Full-time,2026-04-28T15:00:32.000Z,https://www.arbeitnow.com/jobs/companies/jobbusters-gmbh/finanzbuchhalter-nuremberg-221033
arbeitnow-auftragsmanagement-projektkoordination-disposition-photovoltaik-warmepumpen-energiesysteme-1komma5-hamburg-260760,"Auftragsmanagement / Projektkoordination / Disposition (m/w/d) - Photovoltaik, Wärmepumpen & Energiesysteme - 1KOMMA5° Hamburg","1KOMMA5˚",Arbeitnow,"Hamburg","Competitive",Full-time,2026-04-28T15:00:31.000Z,https://www.arbeitnow.com/jobs/companies/1komma50/auftragsmanagement-projektkoordination-disposition-photovoltaik-warmepumpen-energiesysteme-1komma5-hamburg-260760
arbeitnow-werkstudentin-grafikdesign-munich-7782,"Werkstudent*in Grafikdesign","happybrush",Arbeitnow,"Munich","Competitive",Full-time,2026-04-28T15:00:30.000Z,https://www.arbeitnow.com/jobs/companies/happybrush/werkstudentin-grafikdesign-munich-7782
arbeitnow-industriemechaniker-als-instandhalter-bis-zu-42000-eur-wolfsburg-457253,"Industriemechaniker als Instandhalter (m/w/d) | bis zu 42.000 €","Riverstate Premium Recruiting",Arbeitnow,"Wolfsburg","Competitive",Full-time,2026-04-28T14:59:02.000Z,https://www.arbeitnow.com/jobs/companies/riverstate-premium-recruiting/industriemechaniker-als-instandhalter-bis-zu-42000-eur-wolfsburg-457253
arbeitnow-buchhalter-grobenzell-235721,"Buchhalter (m/w/d)","Jobbusters® GmbH",Arbeitnow,"Gröbenzell","Competitive",Full-time,2026-04-28T14:30:51.000Z,https://www.arbeitnow.com/jobs/companies/jobbusters-gmbh/buchhalter-grobenzell-235721
arbeitnow-finanzbuchhalter-munich-177148,"Finanzbuchhalter (m/w/d)","Jobbusters® GmbH",Arbeitnow,"Munich","Competitive",Full-time,2026-04-28T14:30:50.000Z,https://www.arbeitnow.com/jobs/companies/jobbusters-gmbh/finanzbuchhalter-munich-177148
arbeitnow-senior-backend-web-developer-munich-68189,"Senior Backend Web Developer (m/f/d)","Principia Mentis GmbH",Arbeitnow,"Munich","Competitive",Full-time,2026-04-28T14:30:50.000Z,https://www.arbeitnow.com/jobs/companies/principia-mentis-gmbh/senior-backend-web-developer-munich-68189
arbeitnow-weg-buchhalter-zahlengeist-mit-herz-gesucht-munich-134283,"WEG-Buchhalter (m/w/d) Zahlengeist mit Herz gesucht!","Jobbusters® GmbH",Arbeitnow,"Munich","Competitive",Full-time,2026-04-28T14:00:52.000Z,https://www.arbeitnow.com/jobs/companies/jobbusters-gmbh/weg-buchhalter-zahlengeist-mit-herz-gesucht-munich-134283
arbeitnow-partnership-expansion-manager-startup-monchengladbach-161266,"Partnership & Expansion Manager (m/w/d) | Startup","eprogo GmbH",Arbeitnow,"Mönchengladbach","Competitive",Full-time,2026-04-28T14:00:52.000Z,https://www.arbeitnow.com/jobs/companies/eprogo-gmbh/partnership-expansion-manager-startup-monchengladbach-161266
arbeitnow-marketplace-manager-amazon-shopify-pliening-336398,"Marketplace Manager Amazon & Shopify (m/w/d)","Verlagshaus Schlosser",Arbeitnow,"Pliening","Competitive",Full-time,2026-04-28T14:00:51.000Z,https://www.arbeitnow.com/jobs/companies/verlagshaus-schlosser/marketplace-manager-amazon-shopify-pliening-336398
arbeitnow-devops-engineer-wurzburg-475100,"DevOps Engineer (m/w/d)","Noxum GmbH",Arbeitnow,"Würzburg","Competitive",Full-time,2026-04-28T14:00:51.000Z,https://www.arbeitnow.com/jobs/companies/noxum-gmbh/devops-engineer-wurzburg-475100
arbeitnow-entgeltabrechner-personalsachbearbeiter-mit-erfahrung-bei-homeoffice-anteil-stuttgart-263989,"Entgeltabrechner / Personalsachbearbeiter (w/m/d) mit Erfahrung bei Homeoffice-Anteil","Fischer & Partner Gesellschaft für Personal mbH",Arbeitnow,"Stuttgart","Competitive",Full-time,2026-04-28T14:00:50.000Z,https://www.arbeitnow.com/jobs/companies/fischer-partner-gesellschaft-fur-personal-mbh/entgeltabrechner-personalsachbearbeiter-mit-erfahrung-bei-homeoffice-anteil-stuttgart-263989
arbeitnow-senior-frontend-engineer-berlin-476165,"Senior Frontend Engineer (f/m/d)","BirdRave GmbH",Arbeitnow,"Berlin","Competitive",Full-time,2026-04-28T14:00:50.000Z,https://www.arbeitnow.com/jobs/companies/birdrave-gmbh/senior-frontend-engineer-berlin-476165
arbeitnow-referent-der-geschaftsfuhrung-finance-operations-reporting-morfelden-walldorf-13336,"Referent der Geschäftsführung Finance Operations & Reporting (m/w/d)","Finnofleet GmbH",Arbeitnow,"Mörfelden-Walldorf","Competitive",Full-time,2026-04-28T14:00:50.000Z,https://www.arbeitnow.com/jobs/companies/finnofleet-gmbh/referent-der-geschaftsfuhrung-finance-operations-reporting-morfelden-walldorf-13336
arbeitnow-servicemanager-teutschenthal-120547,"Servicemanager (m/w/d)","Universal Brandschutz Service GmbH",Arbeitnow,"Teutschenthal","Competitive",Full-time,2026-04-28T14:00:49.000Z,https://www.arbeitnow.com/jobs/companies/universal-brandschutz-service-gmbh/servicemanager-teutschenthal-120547
arbeitnow-java-fullstack-entwickler-morfelden-walldorf-100126,"Java Fullstack Entwickler (m/w/d)","Finnofleet GmbH",Arbeitnow,"Mörfelden-Walldorf","Competitive",Full-time,2026-04-28T14:00:48.000Z,https://www.arbeitnow.com/jobs/companies/finnofleet-gmbh/java-fullstack-entwickler-morfelden-walldorf-100126
arbeitnow-full-stack-java-kotlin-engineer-team-payments-munich-114312,"Full-stack (Java/Kotlin) Engineer (m/f/d) - Team Payments","Flix",Arbeitnow,"Munich, Bavaria, Germany","Competitive",Full-time,2026-04-28T13:45:20.000Z,https://www.arbeitnow.com/jobs/companies/flix/full-stack-java-kotlin-engineer-team-payments-munich-114312
arbeitnow-full-stack-java-kotlin-engineer-team-payments-berlin-262646,"Full-stack (Java/Kotlin) Engineer (m/f/d) - Team Payments","Flix",Arbeitnow,"Berlin, Berlin, Germany","Competitive",Full-time,2026-04-28T13:45:20.000Z,https://www.arbeitnow.com/jobs/companies/flix/full-stack-java-kotlin-engineer-team-payments-berlin-262646
arbeitnow-service-assistent-mitarbeiter-im-werkstattburo-bad-sackingen-177497,"Service-Assistent / Mitarbeiter im Werkstattbüro (m/w/d)","ReMo - Reifen & Motoren",Arbeitnow,"Bad Säckingen","Competitive",Full-time,2026-04-28T13:30:46.000Z,https://www.arbeitnow.com/jobs/companies/remo-reifen-motoren/service-assistent-mitarbeiter-im-werkstattburo-bad-sackingen-177497
arbeitnow-vertriebsdisponentin-am-standort-dresden-272426,"Vertriebsdisponent*in am Standort Dresden","Annette Wittram - AWi Personalvermittlung und Bewerbercoaching",Arbeitnow,"Dresden","Competitive",Full-time,2026-04-28T13:30:46.000Z,https://www.arbeitnow.com/jobs/companies/annette-wittram-awi-personalvermittlung-und-bewerbercoaching/vertriebsdisponentin-am-standort-dresden-272426
arbeitnow-niederlassungsleiterin-branchmanagerin-am-standort-dresden-208420,"Niederlassungsleiter*in -  Branchmanager*in am Standort Dresden","Annette Wittram - AWi Personalvermittlung und Bewerbercoaching",Arbeitnow,"Dresden","Competitive",Full-time,2026-04-28T13:30:46.000Z,https://www.arbeitnow.com/jobs/companies/annette-wittram-awi-personalvermittlung-und-bewerbercoaching/niederlassungsleiterin-branchmanagerin-am-standort-dresden-208420
arbeitnow-senior-subscription-manager-all-genders-berlin-49171,"(Senior) Subscription Manager (all genders)","mammaly",Arbeitnow,"Berlin","Competitive",Full-time,2026-04-28T13:30:45.000Z,https://www.arbeitnow.com/jobs/companies/mammaly/senior-subscription-manager-all-genders-berlin-49171
arbeitnow-social-media-lead-berlin-360916,"Social Media Lead (m/w/d)","FRAUEN100 Media GmbH",Arbeitnow,"Berlin","Competitive",Full-time,2026-04-28T13:30:45.000Z,https://www.arbeitnow.com/jobs/companies/frauen100-media-gmbh/social-media-lead-berlin-360916
arbeitnow-niederlassungsleiterin-branchmanagerin-am-standort-leipzig-415905,"Niederlassungsleiter*in -  Branchmanager*in am Standort Leipzig","Annette Wittram - AWi Personalvermittlung und Bewerbercoaching",Arbeitnow,"Leipzig","Competitive",Full-time,2026-04-28T13:30:45.000Z,https://www.arbeitnow.com/jobs/companies/annette-wittram-awi-personalvermittlung-und-bewerbercoaching/niederlassungsleiterin-branchmanagerin-am-standort-leipzig-415905
arbeitnow-werkstudentin-social-media-content-berlin-451340,"Werkstudent:in Social Media & Content (m/w/d)","Piggyback",Arbeitnow,"Berlin","Competitive",Full-time,2026-04-28T13:30:44.000Z,https://www.arbeitnow.com/jobs/companies/piggyback/werkstudentin-social-media-content-berlin-451340
arbeitnow-chief-of-staff-all-genders-berlin-82787,"Chief of Staff (all genders)","mammaly",Arbeitnow,"Berlin","Competitive",Full-time,2026-04-28T13:30:44.000Z,https://www.arbeitnow.com/jobs/companies/mammaly/chief-of-staff-all-genders-berlin-82787
arbeitnow-praktikum-affiliate-marketing-all-genders-berlin-19993,"Praktikum - Affiliate Marketing (all genders)","mammaly",Arbeitnow,"Berlin","Competitive",Full-time,2026-04-28T13:30:44.000Z,https://www.arbeitnow.com/jobs/companies/mammaly/praktikum-affiliate-marketing-all-genders-berlin-19993
arbeitnow-senior-lifecycle-manager-subscription-all-genders-berlin-413218,"(Senior) Lifecycle Manager - Subscription (all genders)","mammaly",Arbeitnow,"Berlin","Competitive",Full-time,2026-04-28T13:30:44.000Z,https://www.arbeitnow.com/jobs/companies/mammaly/senior-lifecycle-manager-subscription-all-genders-berlin-413218
arbeitnow-senior-abap-entwickler-refnr-46646-frankfurt-am-main-440857,"Senior ABAP-Entwickler (m/w/d) (Ref.Nr.: 46646)","Wavestone Germany AG",Arbeitnow,"Frankfurt am Main","Competitive",Full-time,2026-04-28T13:00:59.000Z,https://www.arbeitnow.com/jobs/companies/wavestone-germany-ag/senior-abap-entwickler-refnr-46646-frankfurt-am-main-440857
arbeitnow-steuerfachangestellte-r-siegen-245253,"Steuerfachangestellte/r (m/w/d)","8P Steuerberatung - Wirtschaftsprüfung - Rechtsberatung",Arbeitnow,"Siegen","Competitive",Full-time,2026-04-28T13:00:59.000Z,https://www.arbeitnow.com/jobs/companies/8p-steuerberatung-wirtschaftsprufung-rechtsberatung/steuerfachangestellte-r-siegen-245253
arbeitnow-werkstudent-people-finance-hanover-343371,"Werkstudent People & Finance (m/w/d)","Yoffi Digital",Arbeitnow,"Hanover","Competitive",Full-time,2026-04-28T13:00:58.000Z,https://www.arbeitnow.com/jobs/companies/yoffi-digital/werkstudent-people-finance-hanover-343371
arbeitnow-praktikant-in-im-kundenservice-berlin-245135,"Praktikant/in im Kundenservice (m/w/d)","Tiens",Arbeitnow,"Berlin","Competitive",Full-time,2026-04-28T13:00:58.000Z,https://www.arbeitnow.com/jobs/companies/tiens/praktikant-in-im-kundenservice-berlin-245135
jobicy-142715,"(fluent German & English) Customer Support Consultant (remote, global)","SupportYourApp",Jobicy,"Anywhere","Competitive",Full-Time,2026-04-28T12:39:45+00:00,https://jobicy.com/jobs/142715-fluent-german-english-customer-support-consultant-remote-global
jobicy-142714,"Customer Sales Manager – UNFI","Kraft Heinz",Jobicy,"USA","Competitive",Full-Time,2026-04-28T12:39:44+00:00,https://jobicy.com/jobs/142714-customer-sales-manager-unfi
jobicy-142712,"Customer Support Specialist – Freelance, Remote","Magic",Jobicy,"APAC,  Europe","Competitive",Contract,2026-04-28T12:39:41+00:00,https://jobicy.com/jobs/142712-customer-support-specialist-freelance-remote-2
jobicy-142711,"Customer Success Manager – Defence and Intelligence (Middle East)","Planet Labs Inc.",Jobicy,"Europe","Competitive",Full-Time,2026-04-28T12:39:39+00:00,https://jobicy.com/jobs/142711-customer-success-manager-defence-and-intelligence-middle-east
jobicy-142710,"Customer Experience Specialist","Quince",Jobicy,"UK","Competitive",Full-Time,2026-04-28T12:39:38+00:00,https://jobicy.com/jobs/142710-customer-experience-specialist
jobicy-142709,"Enterprise Customer Support Engineer","Collibra",Jobicy,"Australia","Competitive",Full-Time,2026-04-28T12:39:36+00:00,https://jobicy.com/jobs/142709-enterprise-customer-support-engineer
jobicy-142708,"Customer Support Automation Specialist","Billtrust",Jobicy,"USA","Competitive",Full-Time,2026-04-28T12:39:35+00:00,https://jobicy.com/jobs/142708-customer-support-automation-specialist
jobicy-142707,"Sr. Customer Success Manager","Skillsoft",Jobicy,"USA","Competitive",Full-Time,2026-04-28T12:39:34+00:00,https://jobicy.com/jobs/142707-sr-customer-success-manager-4
jobicy-142706,"Customer Trainer","SmithRx",Jobicy,"USA","Competitive",Full-Time,2026-04-28T12:39:32+00:00,https://jobicy.com/jobs/142706-customer-trainer
jobicy-142705,"Senior Customer Marketing Manager","Wrapbook",Jobicy,"Canada,  USA","Competitive",Full-Time,2026-04-28T12:39:30+00:00,https://jobicy.com/jobs/142705-senior-customer-marketing-manager
jobicy-142704,"Customer Support Specialist – (Pacific Time Hours)","Trupanion",Jobicy,"USA","Competitive",Full-Time,2026-04-28T12:39:29+00:00,https://jobicy.com/jobs/142704-customer-support-specialist-pacific-time-hours
jobicy-142703,"Customer Marketing Manager","Pindrop",Jobicy,"USA","Competitive",Full-Time,2026-04-28T12:39:28+00:00,https://jobicy.com/jobs/142703-customer-marketing-manager-3
jobicy-142702,"(Fluent English) Customer Support Consultant","SupportYourApp",Jobicy,"Bulgaria,  Czechia,  Hungary,  Poland,  Romania,  Slovakia","Competitive",Full-Time,2026-04-28T12:39:26+00:00,https://jobicy.com/jobs/142702-fluent-english-customer-support-consultant
jobicy-142701,"(Fluent English) Customer Success Specialist (Argentina)","SupportYourApp",Jobicy,"Argentina","Competitive",Full-Time,2026-04-28T12:39:24+00:00,https://jobicy.com/jobs/142701-fluent-english-customer-success-specialist-argentina
jobicy-142700,"Customer Success Trainer (ES&FR)","Booksy",Jobicy,"Spain","Competitive",Full-Time,2026-04-28T12:39:23+00:00,https://jobicy.com/jobs/142700-customer-success-trainer-esfr
jobicy-142699,"(Fluent English) Customer Success Specialist (Brazil)","SupportYourApp",Jobicy,"Brazil","Competitive",Full-Time,2026-04-28T12:39:21+00:00,https://jobicy.com/jobs/142699-fluent-english-customer-success-specialist-brazil
jobicy-142697,"Customer Success Manager – Australia","LivePerson",Jobicy,"Australia","Competitive",Full-Time,2026-04-28T12:39:18+00:00,https://jobicy.com/jobs/142697-customer-success-manager-australia
jobicy-142696,"IT Consultant","Freudenberg Group",Jobicy,"Mexico","Competitive",Full-Time,2026-04-28T12:38:18+00:00,https://jobicy.com/jobs/142696-it-consultant
jobicy-142695,"Senior Consultant (MBB & Top-Tier Firms) – Freelance AI Project","Mindrift",Jobicy,"USA","Competitive",Full-Time,2026-04-28T12:38:17+00:00,https://jobicy.com/jobs/142695-senior-consultant-mbb-top-tier-firms-freelance-ai-project
jobicy-142694,"Lead Marketing Web Engineer/Developer","Pindrop",Jobicy,"USA","Competitive",Full-Time,2026-04-28T12:38:15+00:00,https://jobicy.com/jobs/142694-lead-marketing-web-engineer-developer
jobicy-142693,"Staff Data Engineer, Platform Engineering","Datavant",Jobicy,"USA","Competitive",Full-Time,2026-04-28T12:38:14+00:00,https://jobicy.com/jobs/142693-staff-data-engineer-platform-engineering
jobicy-142692,"Director, Product Analytics","Chime",Jobicy,"USA","Competitive",Full-Time,2026-04-28T12:38:12+00:00,https://jobicy.com/jobs/142692-director-product-analytics
jobicy-142691,"Sr. Advertising Manager, Commerce","Monks",Jobicy,"USA","Competitive",Full-Time,2026-04-28T12:38:11+00:00,https://jobicy.com/jobs/142691-sr-advertising-manager-commerce
jobicy-142690,"Technical Program Manager, Security","Figma",Jobicy,"USA","Competitive",Full-Time,2026-04-28T12:38:09+00:00,https://jobicy.com/jobs/142690-technical-program-manager-security-2
jobicy-142689,"New Business Development Intern","DataCatalyst LLC",Jobicy,"USA","Competitive",Full-Time,2026-04-28T12:38:08+00:00,https://jobicy.com/jobs/142689-new-business-development-intern
jobicy-142688,"Medical Director, Genitourinary (GU) Oncology","Natera",Jobicy,"USA","Competitive",Full-Time,2026-04-28T12:38:06+00:00,https://jobicy.com/jobs/142688-medical-director-genitourinary-gu-oncology
jobicy-142687,"Senior Product Designer – Agentic Team Suite","Toast",Jobicy,"USA","Competitive",Full-Time,2026-04-28T12:38:05+00:00,https://jobicy.com/jobs/142687-senior-product-designer-agentic-team-suite
jobicy-142686,"Senior Firmware Automation Engineer","Samsara",Jobicy,"USA","Competitive",Full-Time,2026-04-28T12:38:03+00:00,https://jobicy.com/jobs/142686-senior-firmware-automation-engineer
jobicy-142685,"Brand Designer, Privy","Stripe",Jobicy,"USA","Competitive",Full-Time,2026-04-28T12:38:02+00:00,https://jobicy.com/jobs/142685-brand-designer-privy
jobicy-142684,"Career Services Advisor","California Institute of Applied Technology",Jobicy,"USA","Competitive",Full-Time,2026-04-28T12:38:00+00:00,https://jobicy.com/jobs/142684-career-services-advisor
jobicy-142683,"Director, Field Security (Remote Eligible)","Smartsheet",Jobicy,"USA","Competitive",Full-Time,2026-04-28T12:37:59+00:00,https://jobicy.com/jobs/142683-director-field-security-remote-eligible
jobicy-142682,"Manager, Clinical Research – Pediatrics – Center for Research Advancement Administration","Baylor College of Medicine",Jobicy,"USA","Competitive",Full-Time,2026-04-28T12:37:57+00:00,https://jobicy.com/jobs/142682-manager-clinical-research-pediatrics-center-for-research-advancement-administration
jobicy-142681,"Account Manager, Senior","Infor",Jobicy,"USA","Competitive",Full-Time,2026-04-28T12:37:55+00:00,https://jobicy.com/jobs/142681-account-manager-senior-8
jobicy-142680,"Consultant, Senior (Optiva/PLM)","Infor",Jobicy,"USA","Competitive",Full-Time,2026-04-28T12:37:54+00:00,https://jobicy.com/jobs/142680-consultant-senior-optiva-plm
arbeitnow-software-developer-python-in-kundenprojekten-karlsruhe-stuttgart-mannheim-und-umgebung-ggfs-remote-73469,"Software Developer Python in Kundenprojekten (w/m/d) - Karlsruhe / Stuttgart / Mannheim und Umgebung, ggfs. Remote","KENBUN IT AG",Arbeitnow,"Karlsruhe","Competitive",Full-time,2026-04-28T12:30:53.000Z,https://www.arbeitnow.com/jobs/companies/kenbun-it-ag/software-developer-python-in-kundenprojekten-karlsruhe-stuttgart-mannheim-und-umgebung-ggfs-remote-73469
arbeitnow-werkstudenten-beteiligungsanalyst-berlin-271754,"Werkstudenten Beteiligungsanalyst (m/w/d)","DWLBohrung GmbH",Arbeitnow,"Berlin","Competitive",Full-time,2026-04-28T12:30:53.000Z,https://www.arbeitnow.com/jobs/companies/dwlbohrung-gmbh/werkstudenten-beteiligungsanalyst-berlin-271754
arbeitnow-tlm-simulation-architect-aachen-86968,"TLM Simulation Architect","MachineWare GmbH",Arbeitnow,"Aachen","Competitive",Full-time,2026-04-28T12:30:52.000Z,https://www.arbeitnow.com/jobs/companies/machineware-gmbh/tlm-simulation-architect-aachen-86968
arbeitnow-junior-it-projektmanager-hanover-383283,"Junior IT Projektmanager (m/w/d)","Yoffi Digital",Arbeitnow,"Hanover","Competitive",Full-time,2026-04-28T12:30:52.000Z,https://www.arbeitnow.com/jobs/companies/yoffi-digital/junior-it-projektmanager-hanover-383283
arbeitnow-projektmanager-fokus-bpo-dresden-294452,"Projektmanager (Fokus BPO) (m/w/d)","Spectos GmbH",Arbeitnow,"Dresden","Competitive",Full-time,2026-04-28T12:30:52.000Z,https://www.arbeitnow.com/jobs/companies/spectos-gmbh/projektmanager-fokus-bpo-dresden-294452
arbeitnow-freie-mitarbeiter-fur-bevolkerungsbefragungen-bochum-418053,"Freie Mitarbeiter (m/w/d) für Bevölkerungsbefragungen","Foerster & Thelen Marktforschung",Arbeitnow,"Bochum","Competitive",Full-time,2026-04-28T12:00:34.000Z,https://www.arbeitnow.com/jobs/companies/foerster-thelen-marktforschung/freie-mitarbeiter-fur-bevolkerungsbefragungen-bochum-418053
arbeitnow-e-commerce-manager-in-breidenbach-212009,"E-Commerce-Manager/in","BIGBOXX GmbH & Co. KG",Arbeitnow,"Breidenbach","Competitive",Full-time,2026-04-28T12:00:34.000Z,https://www.arbeitnow.com/jobs/companies/bigboxx-gmbh-co-kg/e-commerce-manager-in-breidenbach-212009
arbeitnow-junior-it-systemadministrator-herzlich-willkommen-cologne-469804,"Junior IT Systemadministrator (m/w/d) herzlich willkommen","Intercon Solutions GmbH",Arbeitnow,"Cologne","Competitive",Full-time,2026-04-28T12:00:33.000Z,https://www.arbeitnow.com/jobs/companies/intercon-solutions-gmbh/junior-it-systemadministrator-herzlich-willkommen-cologne-469804
arbeitnow-freiberufliche-mitarbeiter-fur-mobile-datenerfassung-bochum-268969,"Freiberufliche Mitarbeiter (m/w/d) für Mobile Datenerfassung","Foerster & Thelen Marktforschung",Arbeitnow,"Bochum","Competitive",Full-time,2026-04-28T12:00:33.000Z,https://www.arbeitnow.com/jobs/companies/foerster-thelen-marktforschung/freiberufliche-mitarbeiter-fur-mobile-datenerfassung-bochum-268969
arbeitnow-marketing-manager-polen-am-standort-berlin-361461,"Marketing Manager Polen (m/w/d) am Standort Berlin","NORSAN (GmbH)",Arbeitnow,"Berlin","Competitive",Full-time,2026-04-28T12:00:33.000Z,https://www.arbeitnow.com/jobs/companies/norsan-gmbh/marketing-manager-polen-am-standort-berlin-361461
arbeitnow-studentische-hilfskraft-veranstaltungsorganisation-dptv-campus-berlin-teilzeit-223469,"Studentische Hilfskraft (m/w/d) Veranstaltungsorganisation – DPtV CAMPUS, Berlin (Teilzeit)","DPtV Deutsche PsychotherapeutenVereinigung",Arbeitnow,"Berlin","Competitive",Full-time,2026-04-28T12:00:32.000Z,https://www.arbeitnow.com/jobs/companies/dptv-deutsche-psychotherapeutenvereinigung/studentische-hilfskraft-veranstaltungsorganisation-dptv-campus-berlin-teilzeit-223469
arbeitnow-mediengestalter-in-teilzeit-gottingen-362694,"Mediengestalter (m/w/d) in Teilzeit","Nette GmbH",Arbeitnow,"Göttingen","Competitive",Full-time,2026-04-28T12:00:31.000Z,https://www.arbeitnow.com/jobs/companies/nette-gmbh/mediengestalter-in-teilzeit-gottingen-362694
arbeitnow-java-entwickler-darmstadt-237909,"Java-Entwickler (m/w/d)","streamboost GmbH",Arbeitnow,"Darmstadt","Competitive",Full-time,2026-04-28T11:30:56.000Z,https://www.arbeitnow.com/jobs/companies/streamboost-gmbh/java-entwickler-darmstadt-237909
arbeitnow-fullstack-developer-schwerpunkt-power-platform-darmstadt-102751,"Fullstack-Developer (m/w/d) - Schwerpunkt Power Platform","acoris AG",Arbeitnow,"Darmstadt","Competitive",Full-time,2026-04-28T11:00:31.000Z,https://www.arbeitnow.com/jobs/companies/acoris-ag/fullstack-developer-schwerpunkt-power-platform-darmstadt-102751
arbeitnow-finanzbuchhalter-in-siegen-40758,"Finanzbuchhalter/in (m/w/d)","8P Steuerberatung - Wirtschaftsprüfung - Rechtsberatung",Arbeitnow,"Siegen","Competitive",Full-time,2026-04-28T11:00:30.000Z,https://www.arbeitnow.com/jobs/companies/8p-steuerberatung-wirtschaftsprufung-rechtsberatung/finanzbuchhalter-in-siegen-40758
arbeitnow-it-systemengineer-mit-schwerpunkt-microsoft-365-cologne-163860,"IT Systemengineer mit Schwerpunkt Microsoft 365 (m/w/d)","Medialine EuroTrade AG",Arbeitnow,"Cologne","Competitive",Full-time,2026-04-28T11:00:30.000Z,https://www.arbeitnow.com/jobs/companies/medialine-eurotrade-ag/it-systemengineer-mit-schwerpunkt-microsoft-365-cologne-163860
arbeitnow-ausbildung-zum-fachinformatiker-fur-anwendungsentwicklung-in-dortmund-keine-uberstunden-56505,"Ausbildung Zum Fachinformatiker Für Anwendungsentwicklung (M/W/D) In Dortmund - Keine Überstunden","EXWE GmbH",Arbeitnow,"Dortmund","Competitive",Full-time,2026-04-28T11:00:30.000Z,https://www.arbeitnow.com/jobs/companies/exwe-gmbh/ausbildung-zum-fachinformatiker-fur-anwendungsentwicklung-in-dortmund-keine-uberstunden-56505
arbeitnow-senior-it-administrator-schwerpunkt-microsoft-bremen-486257,"Senior IT Administrator - Schwerpunkt Microsoft (m/w/d)","Wiethe Content GmbH",Arbeitnow,"Bremen","Competitive",Full-time,2026-04-28T10:31:02.000Z,https://www.arbeitnow.com/jobs/companies/wiethe-content-gmbh/senior-it-administrator-schwerpunkt-microsoft-bremen-486257
arbeitnow-venture-capital-internship-at-b2venture-direct-investments-june-2026-berlin-243293,"Venture Capital Internship @ b2venture Direct Investments (m/f/d) - June 2026","b2venture GmbH",Arbeitnow,"Berlin","Competitive",Full-time,2026-04-28T10:31:01.000Z,https://www.arbeitnow.com/jobs/companies/b2venture-gmbh/venture-capital-internship-at-b2venture-direct-investments-june-2026-berlin-243293
arbeitnow-controller-greifswald-153679,"Controller (m/w/d)","Personalberatung Susan Lange",Arbeitnow,"Greifswald","Competitive",Full-time,2026-04-28T10:30:59.000Z,https://www.arbeitnow.com/jobs/companies/personalberatung-susan-lange/controller-greifswald-153679
arbeitnow-personalrecruiter-hr-in-stuttgart-298732,"Personalrecruiter HR (m/w/d) in Stuttgart","prognum Automotive GmbH",Arbeitnow,"Stuttgart","Competitive",Full-time,2026-04-28T10:30:59.000Z,https://www.arbeitnow.com/jobs/companies/prognum-automotive-gmbh/personalrecruiter-hr-in-stuttgart-298732
jobicy-142675,"Senior Clinical Research Associate – Romania","Worldwide Clinical Trials",Jobicy,"Romania","Competitive",Full-Time,2026-04-28T04:15:03+00:00,https://jobicy.com/jobs/142675-senior-clinical-research-associate-romania
jobicy-142674,"Consultant, Readiness Services (Remote, GBR)","CrowdStrike",Jobicy,"UK","Competitive",Full-Time,2026-04-28T04:15:02+00:00,https://jobicy.com/jobs/142674-consultant-readiness-services-remote-gbr
jobicy-142673,"Corporate Sales Engineer, Benelux (Remote, GBR)","CrowdStrike",Jobicy,"UK","Competitive",Full-Time,2026-04-28T04:15:00+00:00,https://jobicy.com/jobs/142673-corporate-sales-engineer-benelux-remote-gbr
jobicy-142671,"Electrical Field Engineer – Power Systems Engineer","GE Vernova",Jobicy,"UK","Competitive",Full-Time,2026-04-28T04:14:58+00:00,https://jobicy.com/jobs/142671-electrical-field-engineer-power-systems-engineer
jobicy-142670,"(Senior) Medical Science Liaisons (Sr. MSL) – Center-North Italy","Genmab",Jobicy,"Italy","Competitive",Full-Time,2026-04-28T04:14:56+00:00,https://jobicy.com/jobs/142670-senior-medical-science-liaisons-sr-msl-center-north-italy
jobicy-142669,"Sales & Proposal Manager (m/w/d)","GE Vernova",Jobicy,"Germany","Competitive",Full-Time,2026-04-28T04:14:55+00:00,https://jobicy.com/jobs/142669-sales-proposal-manager-m-w-d
jobicy-142668,"Corporate Sales Engineer (Remote, GBR)","CrowdStrike",Jobicy,"UK","Competitive",Full-Time,2026-04-28T04:14:53+00:00,https://jobicy.com/jobs/142668-corporate-sales-engineer-remote-gbr
jobicy-142667,"Senior Staff Backend Engineer","Cloudera",Jobicy,"Ireland","Competitive",Full-Time,2026-04-28T04:14:51+00:00,https://jobicy.com/jobs/142667-senior-staff-backend-engineer
jobicy-142666,"Care Expert – France 🇫🇷","Alan",Jobicy,"France","Competitive",Full-Time,2026-04-28T04:14:50+00:00,https://jobicy.com/jobs/142666-care-expert-france-%f0%9f%87%ab%f0%9f%87%b7-2
jobicy-142665,"Senior Partnership Account Manager","Collibra",Jobicy,"Germany","Competitive",Full-Time,2026-04-28T04:14:48+00:00,https://jobicy.com/jobs/142665-senior-partnership-account-manager
jobicy-142664,"Customer Success Consultant – UK","Employment Hero",Jobicy,"UK","Competitive",Full-Time,2026-04-28T04:14:46+00:00,https://jobicy.com/jobs/142664-customer-success-consultant-uk
jobicy-142663,"Private English tutor","Nachhilfeunterricht",Jobicy,"Germany","Competitive",Full-Time,2026-04-28T04:14:45+00:00,https://jobicy.com/jobs/142663-private-english-tutor-5
jobicy-142662,"Full stack developer (AI Solutions)","PSI CRO",Jobicy,"Lithuania","Competitive",Full-Time,2026-04-28T04:14:43+00:00,https://jobicy.com/jobs/142662-full-stack-developer-ai-solutions
jobicy-142660,"Freelance Polish Data Annotation Specialist (100% Remote within Poland)","Docplanner",Jobicy,"Poland","Competitive",Full-Time,2026-04-28T04:14:40+00:00,https://jobicy.com/jobs/142660-freelance-polish-data-annotation-specialist-100-remote-within-poland-2
jobicy-142659,"Freelance Italian Data Annotation Specialist (100% Remote within Europe)","Docplanner",Jobicy,"Europe","Competitive",Full-Time,2026-04-28T04:14:38+00:00,https://jobicy.com/jobs/142659-freelance-italian-data-annotation-specialist-100-remote-within-europe
jobicy-142633,"Engineering Manager – DevX","Phantom",Jobicy,"USA","Competitive",Full-Time,2026-04-27T14:14:48+00:00,https://jobicy.com/jobs/142633-engineering-manager-devx
remoteok-1131303,"Full Stack Developer","Envision Horizons LLC",RemoteOK,"Remote","$95000 - $115000",Full-time,2026-04-24T00:00:58+00:00,https://remoteOK.com/remote-jobs/remote-full-stack-developer-envision-horizons-llc-1131303
remoteok-1131325,"Director of Revenue Operations","Practice Better",RemoteOK,"Canada","Competitive",Full-time,2026-04-25T08:00:19+00:00,https://remoteOK.com/remote-jobs/remote-director-of-revenue-operations-practice-better-1131325
remoteok-1131320,"Vice President of Marketing","Pine Services Group",RemoteOK,"Remote","Competitive",Full-time,2026-04-25T00:00:35+00:00,https://remoteOK.com/remote-jobs/remote-vice-president-of-marketing-pine-services-group-1131320
remoteok-1131317,"Proposal Manager @Advizex","Advizex",RemoteOK,"Remote","Competitive",Full-time,2026-04-25T00:00:07+00:00,https://remoteOK.com/remote-jobs/remote-proposal-manager-advizex-advizex-1131317
remoteok-1131300,"Controller","MissionWired",RemoteOK,"Washington, DC - Remote Flexibility","Competitive",Full-time,2026-04-24T00:00:35+00:00,https://remoteOK.com/remote-jobs/remote-controller-missionwired-1131300
remoteok-1131290,"Bookkeeper","Vidinext",RemoteOK,"Remote","$30000 - $40000",Full-time,2026-04-23T12:04:19+00:00,https://remoteOK.com/remote-jobs/remote-bookkeeper-vidinext-1131290
remoteok-1131356,"Senior Associate Business Development & Strategy","Habitat Health",RemoteOK,"San Francisco","Competitive",Full-time,2026-04-28T00:01:31+00:00,https://remoteOK.com/remote-jobs/remote-senior-associate-business-development-strategy-habitat-health-1131356
remoteok-1131348,"Senior Product Marketing Manager US","Smile Digital Health",RemoteOK,"Remote US","Competitive",Full-time,2026-04-28T00:00:03+00:00,https://remoteOK.com/remote-jobs/remote-senior-product-marketing-manager-us-smile-digital-health-1131348
remoteok-1131343,"Business Analyst","Toastmasters International",RemoteOK,"Englewood, CO","Competitive",Full-time,2026-04-27T16:00:30+00:00,https://remoteOK.com/remote-jobs/remote-business-analyst-toastmasters-international-1131343
jobicy-142628,"Senior Clinical Research Associate","ICON plc",Jobicy,"USA","Competitive",Full-Time,2026-04-27T14:14:39+00:00,https://jobicy.com/jobs/142628-senior-clinical-research-associate-4
remoteok-1131338,"Virtual Real Estate Sales Representative","aurelian sovereign",RemoteOK,"Remote","$40000 - $60000",Full-time,2026-04-27T07:30:05+00:00,https://remoteOK.com/remote-jobs/remote-virtual-real-estate-sales-representative-aurelian-sovereign-1131338
remoteok-1131333,"Bookkeeping Specialist","Velora",RemoteOK,"USA and Canada","Competitive",Full-time,2026-04-27T00:00:06+00:00,https://remoteOK.com/remote-jobs/remote-bookkeeping-specialist-velora-1131333
remoteok-1131330,"Operations Associate","Adventus",RemoteOK,"Manila","Competitive",Full-time,2026-04-26T00:00:28+00:00,https://remoteOK.com/remote-jobs/remote-operations-associate-adventus-1131330
remoteok-1131328,"Software Engineer","Finalis",RemoteOK,"Remote","Competitive",Full-time,2026-04-26T00:00:05+00:00,https://remoteOK.com/remote-jobs/remote-software-engineer-finalis-1131328
jobicy-142575,"Lead Program Manager, Global SMB Vendor Operations","Pinterest",Jobicy,"USA","Competitive",Full-Time,2026-04-25T16:44:41+00:00,https://jobicy.com/jobs/142575-lead-program-manager-global-smb-vendor-operations
remoteok-1131316,"B2B Marketing Manager","Montu UK",RemoteOK,"Germany","$60000 - $70000",Full-time,2026-04-24T16:00:51+00:00,https://remoteOK.com/remote-jobs/remote-b2b-marketing-manager-montu-uk-1131316
remoteok-1131314,"Full Stack Product Engineer","Pivotal Health",RemoteOK,"Los Angeles ","$180000 - $220000",Full-time,2026-04-24T16:00:36+00:00,https://remoteOK.com/remote-jobs/remote-full-stack-product-engineer-pivotal-health-1131314
jobicy-142524,"Real Estate Counsel","Unison Infrastructure",Jobicy,"USA","Competitive",Full-Time,2026-04-24T15:07:45+00:00,https://jobicy.com/jobs/142524-real-estate-counsel
jobicy-142523,"Sr. Real Estate Counsel – Renewables","Unison Infrastructure",Jobicy,"USA","Competitive",Full-Time,2026-04-24T15:07:44+00:00,https://jobicy.com/jobs/142523-sr-real-estate-counsel-renewables
remoteok-1131297,"Strategy & Operations","TLDR",RemoteOK,"Remote","$175000 - $200000",Full-time,2026-04-24T00:00:03+00:00,https://remoteOK.com/remote-jobs/remote-strategy-operations-tldr-1131297
remoteok-1131294,"Corporate Counsel","May Mobility",RemoteOK,"Remote","Competitive",Full-time,2026-04-23T16:00:04+00:00,https://remoteOK.com/remote-jobs/remote-corporate-counsel-may-mobility-1131294
remoteok-1131286,"Senior Director Sales and Operations Planning","OLLY",RemoteOK,"Remote","Competitive",Full-time,2026-04-23T08:00:07+00:00,https://remoteOK.com/remote-jobs/remote-senior-director-sales-and-operations-planning-olly-1131286
remoteok-1131284,"VP Creative Director","Noodle",RemoteOK,"Remote, United States","Competitive",Full-time,2026-04-23T00:01:28+00:00,https://remoteOK.com/remote-jobs/remote-vp-creative-director-noodle-1131284
remoteok-1131281,"Principal Customer Solutions Architect","Caylent",RemoteOK,"CANADA","Competitive",Full-time,2026-04-23T00:00:57+00:00,https://remoteOK.com/remote-jobs/remote-principal-customer-solutions-architect-caylent-1131281
remoteok-1131279,"Business Development Director","Connections Health Solutions",RemoteOK,"Remote","Competitive",Full-time,2026-04-23T00:00:34+00:00,https://remoteOK.com/remote-jobs/remote-business-development-director-connections-health-solutions-1131279
remoteok-1131271,"Senior CAD Backend Engineer Mechanical CAD Automation","Foundation EGI",RemoteOK,"Remote","Competitive",Full-time,2026-04-22T16:00:50+00:00,https://remoteOK.com/remote-jobs/remote-senior-cad-backend-engineer-mechanical-cad-automation-foundation-egi-1131271
remoteok-1131270,"Solution Engineer I","Onit, Inc.",RemoteOK,"Pune, Maharashtra","Competitive",Full-time,2026-04-22T16:00:43+00:00,https://remoteOK.com/remote-jobs/remote-solution-engineer-i-onit-inc-1131270
remoteok-1131269,"Senior Data Engineer","Capnexus",RemoteOK,"Remote","Competitive",Full-time,2026-04-22T16:00:36+00:00,https://remoteOK.com/remote-jobs/remote-senior-data-engineer-capnexus-1131269
remoteok-1131266,"PPC & Amazon Strategist","Trivium",RemoteOK,"Remote","Competitive",Full-time,2026-04-22T16:00:08+00:00,https://remoteOK.com/remote-jobs/remote-ppc-amazon-strategist-trivium-1131266
remoteok-1131264,"Shift Lead Downtown","DoorDash USA",RemoteOK,"Dallas, TX","Competitive",Full-time,2026-04-22T08:00:27+00:00,https://remoteOK.com/remote-jobs/remote-shift-lead-downtown-doordash-usa-1131264
remoteok-1131263,"Senior Site Reliability Engineer","Pave Bank",RemoteOK,"Kuala Lumpur","Competitive",Full-time,2026-04-22T08:00:17+00:00,https://remoteOK.com/remote-jobs/remote-senior-site-reliability-engineer-pave-bank-1131263
remoteok-1131252,"Customer Success Manager","Wholesail",RemoteOK,"Remote","Competitive",Full-time,2026-04-22T00:00:18+00:00,https://remoteOK.com/remote-jobs/remote-customer-success-manager-wholesail-1131252
remoteok-1131267,"Provider Services Analyst I","Trend Health Partners",RemoteOK,"Remote","Competitive",Full-time,2026-04-22T16:00:18+00:00,https://remoteOK.com/remote-jobs/remote-provider-services-analyst-i-trend-health-partners-1131267
remoteok-1131352,"Regional Human Resources Business Partner West","Rowan",RemoteOK,"California","Competitive",Full-time,2026-04-28T00:00:41+00:00,https://remoteOK.com/remote-jobs/remote-regional-human-resources-business-partner-west-rowan-1131352
jobicy-142627,"Microsoft System Administrator Mid","Leidos",Jobicy,"USA","Competitive",Full-Time,2026-04-27T14:14:38+00:00,https://jobicy.com/jobs/142627-microsoft-system-administrator-mid
remoteok-1131324,"Regional Sales Executive","Pivotal Health",RemoteOK,"Remote","$300000 - $325000",Full-time,2026-04-25T08:00:08+00:00,https://remoteOK.com/remote-jobs/remote-regional-sales-executive-pivotal-health-1131324
remoteok-1131321,"Medical Director for Health Plan","Evry Health",RemoteOK,"Remote","Competitive",Full-time,2026-04-25T00:00:42+00:00,https://remoteOK.com/remote-jobs/remote-medical-director-for-health-plan-evry-health-1131321
remoteok-1131312,"Paid Media Manager","Terra",RemoteOK,"Remote","Competitive",Full-time,2026-04-24T16:00:16+00:00,https://remoteOK.com/remote-jobs/remote-paid-media-manager-terra-1131312
remoteok-1131311,"Registered Clinical Social Work Intern Spanish Speaking","Brave Health",RemoteOK,"Remote","$55100 - $57000",Full-time,2026-04-24T16:00:08+00:00,https://remoteOK.com/remote-jobs/remote-registered-clinical-social-work-intern-spanish-speaking-brave-health-1131311
remoteok-1131305,"Data Engineer","Pivotal Health",RemoteOK,"Los Angeles ","$160000 - $180000",Full-time,2026-04-24T08:00:16+00:00,https://remoteOK.com/remote-jobs/remote-data-engineer-pivotal-health-1131305
remoteok-1131299,"Neurologist TX Licensed BC PT FT Fully Virtual","TeleMed2U",RemoteOK,"Remote","Competitive",Full-time,2026-04-24T00:00:28+00:00,https://remoteOK.com/remote-jobs/remote-neurologist-tx-licensed-bc-pt-ft-fully-virtual-telemed2u-1131299
remoteok-1131296,"Applied AI Engineer Europe","Amigo",RemoteOK,"Amsterdam","Competitive",Full-time,2026-04-23T16:00:17+00:00,https://remoteOK.com/remote-jobs/remote-applied-ai-engineer-europe-amigo-1131296
remoteok-1131292,"Senior Backend Engineer Build AI Agents","Salesforge",RemoteOK,"Remote","Competitive",Full-time,2026-04-23T16:00:01+00:00,https://remoteOK.com/remote-jobs/remote-senior-backend-engineer-build-ai-agents-salesforge-1131292
remoteok-1131272,"Healthcare Account Executive","Vonage",RemoteOK,"Remote","Competitive",Full-time,2026-04-22T16:00:59+00:00,https://remoteOK.com/remote-jobs/remote-healthcare-account-executive-vonage-1131272
remoteok-1131265,"Data Scientist","Junction",RemoteOK,"Remote","$180000 - $220000",Full-time,2026-04-22T16:00:02+00:00,https://remoteOK.com/remote-jobs/remote-data-scientist-junction-1131265
remoteok-1131239,"Technical Implementations Lead US","Smile Digital Health",RemoteOK,"Remote US","Competitive",Full-time,2026-04-21T08:00:30+00:00,https://remoteOK.com/remote-jobs/remote-technical-implementations-lead-us-smile-digital-health-1131239
remoteok-1131238,"Manager Healthcare Data Analytics","Habitat Health",RemoteOK,"Remote","Competitive",Full-time,2026-04-21T00:01:57+00:00,https://remoteOK.com/remote-jobs/remote-manager-healthcare-data-analytics-habitat-health-1131238
remoteok-1131355,"Regional Sales Manager","Open Farm",RemoteOK,"Metro Atlanta","Competitive",Full-time,2026-04-28T00:01:17+00:00,https://remoteOK.com/remote-jobs/remote-regional-sales-manager-open-farm-1131355
remoteok-1131354,"Senior Transportation Specialist","ShipBob, Inc.",RemoteOK,"Australia","Competitive",Full-time,2026-04-28T00:01:08+00:00,https://remoteOK.com/remote-jobs/remote-senior-transportation-specialist-shipbob-inc-1131354
remoteok-1131353,"Senior Client Services Specialist","DentalXChange",RemoteOK,"Remote USA","Competitive",Full-time,2026-04-28T00:00:55+00:00,https://remoteOK.com/remote-jobs/remote-senior-client-services-specialist-dentalxchange-1131353
remoteok-1131351,"Associate Copywriter","Golden Pet Brands",RemoteOK,"El Segundo","Competitive",Full-time,2026-04-28T00:00:35+00:00,https://remoteOK.com/remote-jobs/remote-associate-copywriter-golden-pet-brands-1131351
remoteok-1131350,"Senior Publications Manager","Oruka Therapeutics",RemoteOK,"Remote","Competitive",Full-time,2026-04-28T00:00:25+00:00,https://remoteOK.com/remote-jobs/remote-senior-publications-manager-oruka-therapeutics-1131350
remoteok-1131349,"Senior Scientific Communications Manager","Oruka Therapeutics",RemoteOK,"Remote","Competitive",Full-time,2026-04-28T00:00:14+00:00,https://remoteOK.com/remote-jobs/remote-senior-scientific-communications-manager-oruka-therapeutics-1131349
remoteok-1131346,"Senior Enablement Manager","Brandtech+",RemoteOK,"Mumbai","Competitive",Full-time,2026-04-27T16:01:04+00:00,https://remoteOK.com/remote-jobs/remote-senior-enablement-manager-brandtech-1131346
remoteok-1131345,"Engineer Software","Calabrio",RemoteOK,"Remote","Competitive",Full-time,2026-04-27T16:00:55+00:00,https://remoteOK.com/remote-jobs/remote-engineer-software-calabrio-1131345
remoteok-1131344,"Outpatient Facility Coder","UASI",RemoteOK,"Remote","Competitive",Full-time,2026-04-27T16:00:44+00:00,https://remoteOK.com/remote-jobs/remote-outpatient-facility-coder-uasi-1131344
remoteok-1131341,"Sr Account Executive Commercial Accounts","Veeam Software",RemoteOK,"Dallas, TX","Competitive",Full-time,2026-04-27T16:00:05+00:00,https://remoteOK.com/remote-jobs/remote-sr-account-executive-commercial-accounts-veeam-software-1131341
jobicy-142632,"Senior Manager Bank Partnerships","Marqeta",Jobicy,"USA","Competitive",Full-Time,2026-04-27T14:14:46+00:00,https://jobicy.com/jobs/142632-senior-manager-bank-partnerships
jobicy-142630,"UNIX/LINUX System Engineer","Leidos",Jobicy,"USA","Competitive",Full-Time,2026-04-27T14:14:44+00:00,https://jobicy.com/jobs/142630-unix-linux-system-engineer
jobicy-142629,"Application Security Engineer","Leidos",Jobicy,"USA","Competitive",Full-Time,2026-04-27T14:14:41+00:00,https://jobicy.com/jobs/142629-application-security-engineer
jobicy-142626,"Freelance Mathematics Expert – AI Trainer","Mindrift",Jobicy,"USA","Competitive",Full-Time,2026-04-27T14:14:37+00:00,https://jobicy.com/jobs/142626-freelance-mathematics-expert-ai-trainer-2
jobicy-142625,"Service Associate – New York City – Sustainability Solutions","Stryker",Jobicy,"USA","Competitive",Full-Time,2026-04-27T14:14:35+00:00,https://jobicy.com/jobs/142625-service-associate-new-york-city-sustainability-solutions
jobicy-142624,"Contract Administrator – PL#35457","Peter Lucas Project Management Inc.",Jobicy,"Canada","Competitive",Full-Time,2026-04-27T14:14:34+00:00,https://jobicy.com/jobs/142624-contract-administrator-pl35457
jobicy-142623,"Manager/ Sr. Manager – BI Consulting (Life Sciences/Pharma)","Tiger Analytics",Jobicy,"Canada","Competitive",Full-Time,2026-04-27T14:14:32+00:00,https://jobicy.com/jobs/142623-manager-sr-manager-bi-consulting-life-sciences-pharma
jobicy-142622,"Radiologist | Multiple Subspecialties | Flexible Schedules (Days, Evenings, Overnights) | Up to $100k in Bonuses","Imagen Technologies",Jobicy,"USA","Competitive",Full-Time,2026-04-27T14:14:30+00:00,https://jobicy.com/jobs/142622-radiologist-multiple-subspecialties-flexible-schedules-days-evenings-overnights-up-to-100k-in-bonuses
jobicy-142621,"Director, Medicaid Growth and Retention Strategy","Molina Healthcare",Jobicy,"USA","Competitive",Full-Time,2026-04-27T14:14:28+00:00,https://jobicy.com/jobs/142621-director-medicaid-growth-and-retention-strategy
remoteok-1131339,"Senior Full stack React Developer","Lemon.io",RemoteOK,"Remote","$50000 - $210000",Full-time,2026-04-27T09:46:26+00:00,https://remoteOK.com/remote-jobs/remote-senior-full-stack-react-developer-lemon-io-1131339
remoteok-1131334,"Network Engineer Factory Systems and Operational Technology","Anduril Industries",RemoteOK,"Costa Mesa","Competitive",Full-time,2026-04-27T00:00:17+00:00,https://remoteOK.com/remote-jobs/remote-network-engineer-factory-systems-and-operational-technology-anduril-industries-1131334
remoteok-1131329,"ML Engineer","Trunk Tools, Inc.",RemoteOK,"Remote","$183000 - $246000",Full-time,2026-04-26T00:00:12+00:00,https://remoteOK.com/remote-jobs/remote-ml-engineer-trunk-tools-inc-1131329
jobicy-142578,"Field Service Technician – Greensboro, NC","NRG",Jobicy,"USA","Competitive",Full-Time,2026-04-25T16:44:46+00:00,https://jobicy.com/jobs/142578-field-service-technician-greensboro-nc
jobicy-142576,"Field Service Technician – Dover, DE","NRG",Jobicy,"USA","Competitive",Full-Time,2026-04-25T16:44:42+00:00,https://jobicy.com/jobs/142576-field-service-technician-dover-de
jobicy-142573,"Senior Customer Education Manager (In-App)","AlphaSense",Jobicy,"USA","Competitive",Full-Time,2026-04-25T16:44:38+00:00,https://jobicy.com/jobs/142573-senior-customer-education-manager-in-app
jobicy-142572,"Director of People","Ashby",Jobicy,"USA","Competitive",Full-Time,2026-04-25T16:44:36+00:00,https://jobicy.com/jobs/142572-director-of-people
jobicy-142571,"Senior Data Analyst","Salesloft",Jobicy,"Mexico","Competitive",Full-Time,2026-04-25T16:44:35+00:00,https://jobicy.com/jobs/142571-senior-data-analyst-3
jobicy-142570,"Senior Data Engineer","Salesloft",Jobicy,"Mexico","Competitive",Full-Time,2026-04-25T16:44:33+00:00,https://jobicy.com/jobs/142570-senior-data-engineer-9
jobicy-142569,"Human Resources Specialist","California Institute of Applied Technology",Jobicy,"USA","Competitive",Full-Time,2026-04-25T16:44:32+00:00,https://jobicy.com/jobs/142569-human-resources-specialist
jobicy-142568,"Technical Partner Manager – Chicago Area","Veeam Software",Jobicy,"USA","Competitive",Full-Time,2026-04-25T16:44:29+00:00,https://jobicy.com/jobs/142568-technical-partner-manager-chicago-area
jobicy-142567,"Technical Partner Manager – Chicago/NYC Metro Area","Veeam Software",Jobicy,"USA","Competitive",Full-Time,2026-04-25T16:44:28+00:00,https://jobicy.com/jobs/142567-technical-partner-manager-chicago-nyc-metro-area
jobicy-142566,"Sr Systems Engineer – Federal/DOD (Remote: DC/MD/VA)","Veeam Software",Jobicy,"USA","Competitive",Full-Time,2026-04-25T16:44:26+00:00,https://jobicy.com/jobs/142566-sr-systems-engineer-federal-dod-remote-dc-md-va
jobicy-142565,"Technical Principal","Meta",Jobicy,"USA","Competitive",Full-Time,2026-04-25T16:44:25+00:00,https://jobicy.com/jobs/142565-technical-principal
jobicy-142564,"Director of Regional Development","Meta",Jobicy,"USA","Competitive",Full-Time,2026-04-25T16:44:23+00:00,https://jobicy.com/jobs/142564-director-of-regional-development
jobicy-142563,"Manager, Product Growth","Meta",Jobicy,"USA","Competitive",Full-Time,2026-04-25T16:44:22+00:00,https://jobicy.com/jobs/142563-manager-product-growth
jobicy-142561,"Inside Sales Representative (GES Central)","World Wide Technology",Jobicy,"USA","Competitive",Full-Time,2026-04-25T16:44:18+00:00,https://jobicy.com/jobs/142561-inside-sales-representative-ges-central
jobicy-142560,"Human Resources Business Partner","ECS",Jobicy,"USA","Competitive",Full-Time,2026-04-25T16:44:16+00:00,https://jobicy.com/jobs/142560-human-resources-business-partner
remoteok-1131327,"Managing Director New England","IntraFi",RemoteOK,"Remote","Competitive",Full-time,2026-04-25T16:00:04+00:00,https://remoteOK.com/remote-jobs/remote-managing-director-new-england-intrafi-1131327
remoteok-1131326,"Tax AI Expert","Weekday",RemoteOK,"India","Competitive",Full-time,2026-04-25T08:00:26+00:00,https://remoteOK.com/remote-jobs/remote-tax-ai-expert-weekday-1131326
remoteok-1131323,"Territory Account Manager","TENEX.AI",RemoteOK,"Remote","Competitive",Full-time,2026-04-25T00:00:55+00:00,https://remoteOK.com/remote-jobs/remote-territory-account-manager-tenex-ai-1131323
remoteok-1131322,"HQ AI Enablement Lead","Everfield",RemoteOK,"Remote","Competitive",Full-time,2026-04-25T00:00:49+00:00,https://remoteOK.com/remote-jobs/remote-hq-ai-enablement-lead-everfield-1131322
remoteok-1131319,"Technical Account Manager","Clariti Cloud Inc.",RemoteOK,"Remote","Competitive",Full-time,2026-04-25T00:00:28+00:00,https://remoteOK.com/remote-jobs/remote-technical-account-manager-clariti-cloud-inc-1131319
remoteok-1131318,"Implementation Specialist","Submittable",RemoteOK,"Remote, U.S.","Competitive",Full-time,2026-04-25T00:00:16+00:00,https://remoteOK.com/remote-jobs/remote-implementation-specialist-submittable-1131318
remoteok-1131315,"Senior Tech Lead Mobile Developer Risora","SKELAR",RemoteOK,"Kyiv","Competitive",Full-time,2026-04-24T16:00:44+00:00,https://remoteOK.com/remote-jobs/remote-senior-tech-lead-mobile-developer-risora-skelar-1131315
remoteok-1131313,"WorkWave Senior Data Analytics Engineer","WorkWave",RemoteOK,"Remote","Competitive",Full-time,2026-04-24T16:00:29+00:00,https://remoteOK.com/remote-jobs/remote-workwave-senior-data-analytics-engineer-workwave-1131313
jobicy-142530,"Senior Engineering Manager, Platform Delivery","Upstart",Jobicy,"USA","Competitive",Full-Time,2026-04-24T15:07:55+00:00,https://jobicy.com/jobs/142530-senior-engineering-manager-platform-delivery
jobicy-142529,"Account Executive, ACO Partnerships","Pair Team",Jobicy,"USA","Competitive",Full-Time,2026-04-24T15:07:53+00:00,https://jobicy.com/jobs/142529-account-executive-aco-partnerships
jobicy-142528,"Strategic Program Manager, Marketing","Figma",Jobicy,"USA","Competitive",Full-Time,2026-04-24T15:07:52+00:00,https://jobicy.com/jobs/142528-strategic-program-manager-marketing
jobicy-142522,"Machine Learning Engineer","Twilio",Jobicy,"USA","Competitive",Full-Time,2026-04-24T15:07:42+00:00,https://jobicy.com/jobs/142522-machine-learning-engineer
jobicy-142520,"Lab Genetic Counselor – Temp","Natera",Jobicy,"USA","Competitive",Full-Time,2026-04-24T15:07:39+00:00,https://jobicy.com/jobs/142520-lab-genetic-counselor-temp
jobicy-142519,"Senior Data Scientist","Clover Health",Jobicy,"USA","Competitive",Full-Time,2026-04-24T15:07:37+00:00,https://jobicy.com/jobs/142519-senior-data-scientist-3
jobicy-142518,"Key Account Executive, Contract Furniture – Remote Draw (Southern CA & Southern NV)","Staples",Jobicy,"USA","Competitive",Full-Time,2026-04-24T15:07:36+00:00,https://jobicy.com/jobs/142518-key-account-executive-contract-furniture-remote-draw-southern-ca-southern-nv
jobicy-142517,"Product Manager","Meta",Jobicy,"USA","Competitive",Full-Time,2026-04-24T15:07:34+00:00,https://jobicy.com/jobs/142517-product-manager-6
jobicy-142516,"Connectivity Engineer, Leased – Data Center Construction","Meta",Jobicy,"USA","Competitive",Full-Time,2026-04-24T15:07:33+00:00,https://jobicy.com/jobs/142516-connectivity-engineer-leased-data-center-construction
jobicy-142515,"SAP Integration Developer","ManTech",Jobicy,"USA","Competitive",Full-Time,2026-04-24T15:07:31+00:00,https://jobicy.com/jobs/142515-sap-integration-developer
jobicy-142514,"Calibration Standard Analyst","ManTech",Jobicy,"USA","Competitive",Full-Time,2026-04-24T15:07:30+00:00,https://jobicy.com/jobs/142514-calibration-standard-analyst
jobicy-142513,"Director, Data Science","Infor",Jobicy,"USA","Competitive",Full-Time,2026-04-24T15:07:27+00:00,https://jobicy.com/jobs/142513-director-data-science
jobicy-142504,"Senior Account Manager / Executive","Vonage",Jobicy,"Australia","Competitive",Full-Time,2026-04-24T08:57:47+00:00,https://jobicy.com/jobs/142504-senior-account-manager-executive
jobicy-142503,"Senior MuleSoft Integrations Developer (Full time or Part time)","Spectrum One",Jobicy,"Philippines","Competitive",Full-Time,2026-04-24T08:57:46+00:00,https://jobicy.com/jobs/142503-senior-mulesoft-integrations-developer-full-time-or-part-time
jobicy-142502,"Enablement Manager, Revenue","Deel",Jobicy,"APAC","Competitive",Full-Time,2026-04-24T08:57:44+00:00,https://jobicy.com/jobs/142502-enablement-manager-revenue
jobicy-142501,"Technical Support Engineer (Blockchain & Backend)","Binance",Jobicy,"Philippines","Competitive",Full-Time,2026-04-24T08:57:43+00:00,https://jobicy.com/jobs/142501-technical-support-engineer-blockchain-backend
jobicy-142500,"Technical Support Engineer (Blockchain & Backend Development)","Binance",Jobicy,"Philippines","Competitive",Full-Time,2026-04-24T08:57:41+00:00,https://jobicy.com/jobs/142500-technical-support-engineer-blockchain-backend-development
remoteok-1131307,"Saint Gobain Application Sales Director","GML A/S",RemoteOK,"Remote","Competitive",Full-time,2026-04-24T08:00:29+00:00,https://remoteOK.com/remote-jobs/remote-saint-gobain-application-sales-director-gml-a-s-1131307
remoteok-1131298,"Senior Account Executive Publishers","Zeta Global",RemoteOK,"Remote","Competitive",Full-time,2026-04-24T00:00:13+00:00,https://remoteOK.com/remote-jobs/remote-senior-account-executive-publishers-zeta-global-1131298
remoteok-1131261,"High Paying Hourly Enrollment Specialist","VP Education Group",RemoteOK,"Remote","$50000 - $80000",Full-time,2026-04-22T06:46:22+00:00,https://remoteOK.com/remote-jobs/remote-high-paying-hourly-enrollment-specialist-vp-education-group-1131261
remoteok-1131306,"Trainer EMEA","360Learning",RemoteOK,"Paris, Remote","Competitive",Full-time,2026-04-24T08:00:22+00:00,https://remoteOK.com/remote-jobs/remote-trainer-emea-360learning-1131306
remoteok-1131304,"Overnight Neuroradiologist Partner Track 10p 7a MST 7 on 14 off","Diversified Radiology",RemoteOK,"Remote","Competitive",Full-time,2026-04-24T00:01:04+00:00,https://remoteOK.com/remote-jobs/remote-overnight-neuroradiologist-partner-track-10p-7a-mst-7-on-14-off-diversified-radiology-1131304
remoteok-1131302,"TEST JOB","Fleetio",RemoteOK,"Remote - USA, CAN, MEX","Competitive",Full-time,2026-04-24T00:00:52+00:00,https://remoteOK.com/remote-jobs/remote-test-job-fleetio-1131302
remoteok-1131301,"Bilingual Legal Personal Injury","Distro",RemoteOK,"BogotÃ¡","Competitive",Full-time,2026-04-24T00:00:42+00:00,https://remoteOK.com/remote-jobs/remote-bilingual-legal-personal-injury-distro-1131301
remoteok-1131295,"UX UI Designer â AI Application","0g Labs",RemoteOK,"Remote","Competitive",Full-time,2026-04-23T16:00:11+00:00,https://remoteOK.com/remote-jobs/remote-ux-ui-designer-ai-application-0g-labs-1131295
remoteok-1131288,"Mid Senior AI Video Artist","EverAI",RemoteOK,"Remote","$30000 - $60000",Full-time,2026-04-23T08:11:46+00:00,https://remoteOK.com/remote-jobs/remote-mid-senior-ai-video-artist-everai-1131288
remoteok-1131287,"Account Executive III","Sumo Logic",RemoteOK,"Melbourne","Competitive",Full-time,2026-04-23T08:00:17+00:00,https://remoteOK.com/remote-jobs/remote-account-executive-iii-sumo-logic-1131287
remoteok-1131259,"Search Engine Evaluation Specialist Freelance AI Trainer Project","Invisible Agency",RemoteOK,"United States of America","Competitive",Full-time,2026-04-22T00:01:28+00:00,https://remoteOK.com/remote-jobs/remote-search-engine-evaluation-specialist-freelance-ai-trainer-project-invisible-agency-1131259
remoteok-1131283,"Associate Director Solutions","YipitData (Alternative)",RemoteOK,"US Remote","Competitive",Full-time,2026-04-23T00:01:22+00:00,https://remoteOK.com/remote-jobs/remote-associate-director-solutions-yipitdata-alternative-1131283
remoteok-1131282,"Technical Program Manager â Platform Migration","Cayuse",RemoteOK,"Remote","Competitive",Full-time,2026-04-23T00:01:11+00:00,https://remoteOK.com/remote-jobs/remote-technical-program-manager-platform-migration-cayuse-1131282
remoteok-1131280,"Senior Security Engineer","Bridgewater Associates",RemoteOK,"Remote","Competitive",Full-time,2026-04-23T00:00:46+00:00,https://remoteOK.com/remote-jobs/remote-senior-security-engineer-bridgewater-associates-1131280
remoteok-1131278,"Insurance Verifications Specialist","Cranial Technologies",RemoteOK,"Remote","Competitive",Full-time,2026-04-23T00:00:25+00:00,https://remoteOK.com/remote-jobs/remote-insurance-verifications-specialist-cranial-technologies-1131278
remoteok-1131277,"Frontend Engineer","CareerVillage.org",RemoteOK,"Remote, United States","Competitive",Full-time,2026-04-23T00:00:16+00:00,https://remoteOK.com/remote-jobs/remote-frontend-engineer-careervillage-org-1131277
remoteok-1131276,"Senior Account Executive","",RemoteOK,"Remote","Competitive",Full-time,2026-04-23T00:00:05+00:00,https://remoteOK.com/remote-jobs/remote-senior-account-executive-1131276
remoteok-1131268,"Senior App &amp; Frontend Developer AS233","Smart Working Solutions",RemoteOK,"Remote","Competitive",Full-time,2026-04-22T16:00:26+00:00,https://remoteOK.com/remote-jobs/remote-senior-app-amp-frontend-developer-as233-smart-working-solutions-1131268
remoteok-1131262,"Principal Product Manager","Oportun",RemoteOK,"Remote","Competitive",Full-time,2026-04-22T08:00:10+00:00,https://remoteOK.com/remote-jobs/remote-principal-product-manager-oportun-1131262
remoteok-1131258,"Senior Security Engineer Vulnerability & Exposure Management","Bridgewater Associates Referrals",RemoteOK,"Remote","Competitive",Full-time,2026-04-22T00:01:19+00:00,https://remoteOK.com/remote-jobs/remote-senior-security-engineer-vulnerability-exposure-management-bridgewater-associates-referrals-1131258
remoteok-1131257,"Partner Sales Manager","Prophecy",RemoteOK,"San Francisco","Competitive",Full-time,2026-04-22T00:01:10+00:00,https://remoteOK.com/remote-jobs/remote-partner-sales-manager-prophecy-1131257
remoteok-1131256,"Associate Product Manager","Automox",RemoteOK,"Austin, TX","Competitive",Full-time,2026-04-22T00:01:00+00:00,https://remoteOK.com/remote-jobs/remote-associate-product-manager-automox-1131256
remoteok-1131255,"Director Human Resources","Cordance",RemoteOK,"United States","Competitive",Full-time,2026-04-22T00:00:46+00:00,https://remoteOK.com/remote-jobs/remote-director-human-resources-cordance-1131255
remoteok-1131253,"Senior Lead Applied Data Scientist","StyleSeat",RemoteOK,"Remote","Competitive",Full-time,2026-04-22T00:00:27+00:00,https://remoteOK.com/remote-jobs/remote-senior-lead-applied-data-scientist-styleseat-1131253
remoteok-1131251,"Senior Cloud Engineer","DV Trading",RemoteOK,"Remote","Competitive",Full-time,2026-04-22T00:00:08+00:00,https://remoteOK.com/remote-jobs/remote-senior-cloud-engineer-dv-trading-1131251
jobicy-142499,"Senior Consulting Engineer – Singapore","Clickhouse",Jobicy,"Singapore","Competitive",Full-Time,2026-04-24T08:57:40+00:00,https://jobicy.com/jobs/142499-senior-consulting-engineer-singapore
remoteok-1131249,"Senior Account Manager","Keyloop",RemoteOK,"South Africa","Competitive",Full-time,2026-04-21T16:00:59+00:00,https://remoteOK.com/remote-jobs/remote-senior-account-manager-keyloop-1131249
remoteok-1131248,"Manager Digital Media Strategy","Adswerve, Inc",RemoteOK,"Remote","$115000 - $135000",Full-time,2026-04-21T16:00:52+00:00,https://remoteOK.com/remote-jobs/remote-manager-digital-media-strategy-adswerve-inc-1131248
remoteok-1131247,"Digital Media Strategist","Adswerve, Inc",RemoteOK,"Remote","$90000 - $110000",Full-time,2026-04-21T16:00:34+00:00,https://remoteOK.com/remote-jobs/remote-digital-media-strategist-adswerve-inc-1131247
remoteok-1131246,"Product Manager ChartCheck","Radformation",RemoteOK,"Remote","Competitive",Full-time,2026-04-21T16:00:22+00:00,https://remoteOK.com/remote-jobs/remote-product-manager-chartcheck-radformation-1131246
remoteok-1131244,"Product Growth Marketer","Happily",RemoteOK,"Remote","$40000 - $50000",Full-time,2026-04-21T13:00:33+00:00,https://remoteOK.com/remote-jobs/remote-product-growth-marketer-happily-1131244
remoteok-1131243,"Crypto Trader","Fox GLobal Assets",RemoteOK,"Remote","$40000 - $60000",Full-time,2026-04-21T08:59:17+00:00,https://remoteOK.com/remote-jobs/remote-crypto-trader-fox-global-assets-1131243
